{
    "name": "root",
    "gauges": {
        "PlayerController.Policy.Entropy.mean": {
            "value": 1.3849172592163086,
            "min": 1.3846467733383179,
            "max": 1.3860459327697754,
            "count": 79
        },
        "PlayerController.Policy.Entropy.sum": {
            "value": 1395.99658203125,
            "min": 1346.6512451171875,
            "max": 1421.1824951171875,
            "count": 79
        },
        "PlayerController.Step.mean": {
            "value": 78984.0,
            "min": 983.0,
            "max": 78984.0,
            "count": 79
        },
        "PlayerController.Step.sum": {
            "value": 78984.0,
            "min": 983.0,
            "max": 78984.0,
            "count": 79
        },
        "PlayerController.Policy.ExtrinsicValueEstimate.mean": {
            "value": 0.07066592574119568,
            "min": -0.07395455986261368,
            "max": 0.0731278657913208,
            "count": 79
        },
        "PlayerController.Policy.ExtrinsicValueEstimate.sum": {
            "value": 2.2613096237182617,
            "min": -2.3979578018188477,
            "max": 2.413219451904297,
            "count": 79
        },
        "PlayerController.Policy.CuriosityValueEstimate.mean": {
            "value": 0.10303501784801483,
            "min": 0.09683507680892944,
            "max": 0.14374953508377075,
            "count": 79
        },
        "PlayerController.Policy.CuriosityValueEstimate.sum": {
            "value": 3.2971205711364746,
            "min": 3.098722457885742,
            "max": 4.727019786834717,
            "count": 79
        },
        "PlayerController.Environment.EpisodeLength.mean": {
            "value": 487.5,
            "min": 322.0,
            "max": 508.0,
            "count": 79
        },
        "PlayerController.Environment.EpisodeLength.sum": {
            "value": 975.0,
            "min": 648.0,
            "max": 1326.0,
            "count": 79
        },
        "PlayerController.Environment.CumulativeReward.mean": {
            "value": 3.8749998807907104,
            "min": 2.2199999491373696,
            "max": 4.07999986410141,
            "count": 79
        },
        "PlayerController.Environment.CumulativeReward.sum": {
            "value": 7.749999761581421,
            "min": 4.479999899864197,
            "max": 10.259999752044678,
            "count": 79
        },
        "PlayerController.Policy.ExtrinsicReward.mean": {
            "value": 3.8749998807907104,
            "min": 2.2199999491373696,
            "max": 4.07999986410141,
            "count": 79
        },
        "PlayerController.Policy.ExtrinsicReward.sum": {
            "value": 7.749999761581421,
            "min": 4.479999899864197,
            "max": 10.259999752044678,
            "count": 79
        },
        "PlayerController.Policy.CuriosityReward.mean": {
            "value": 0.08468364595319144,
            "min": 0.0,
            "max": 2.0174430618062615,
            "count": 79
        },
        "PlayerController.Policy.CuriosityReward.sum": {
            "value": 0.1693672919063829,
            "min": 0.0,
            "max": 5.568694611079991,
            "count": 79
        },
        "PlayerController.IsTraining.mean": {
            "value": 1.0,
            "min": 1.0,
            "max": 1.0,
            "count": 79
        },
        "PlayerController.IsTraining.sum": {
            "value": 1.0,
            "min": 1.0,
            "max": 1.0,
            "count": 79
        },
        "PlayerController.Losses.PolicyLoss.mean": {
            "value": 0.019671620007742335,
            "min": 0.019671620007742335,
            "max": 0.02714025174026136,
            "count": 7
        },
        "PlayerController.Losses.PolicyLoss.sum": {
            "value": 0.019671620007742335,
            "min": 0.019671620007742335,
            "max": 0.02714025174026136,
            "count": 7
        },
        "PlayerController.Losses.ValueLoss.mean": {
            "value": 0.0049850976146343685,
            "min": 0.0049850976146343685,
            "max": 0.014353222351659227,
            "count": 7
        },
        "PlayerController.Losses.ValueLoss.sum": {
            "value": 0.0049850976146343685,
            "min": 0.0049850976146343685,
            "max": 0.014353222351659227,
            "count": 7
        },
        "PlayerController.Policy.LearningRate.mean": {
            "value": 9.929863701370004e-06,
            "min": 9.929863701370004e-06,
            "max": 9.989986100139997e-06,
            "count": 7
        },
        "PlayerController.Policy.LearningRate.sum": {
            "value": 9.929863701370004e-06,
            "min": 9.929863701370004e-06,
            "max": 9.989986100139997e-06,
            "count": 7
        },
        "PlayerController.Policy.Epsilon.mean": {
            "value": 0.19929863000000003,
            "min": 0.19929863000000003,
            "max": 0.19989986000000004,
            "count": 7
        },
        "PlayerController.Policy.Epsilon.sum": {
            "value": 0.19929863000000003,
            "min": 0.19929863000000003,
            "max": 0.19989986000000004,
            "count": 7
        },
        "PlayerController.Policy.Beta.mean": {
            "value": 0.004965001637,
            "min": 0.004965001637,
            "max": 0.004995003013999999,
            "count": 7
        },
        "PlayerController.Policy.Beta.sum": {
            "value": 0.004965001637,
            "min": 0.004965001637,
            "max": 0.004995003013999999,
            "count": 7
        },
        "PlayerController.Losses.CuriosityForwardLoss.mean": {
            "value": 0.010212452582049149,
            "min": 0.010212452582049149,
            "max": 1.7128801610734727,
            "count": 7
        },
        "PlayerController.Losses.CuriosityForwardLoss.sum": {
            "value": 0.010212452582049149,
            "min": 0.010212452582049149,
            "max": 1.7128801610734727,
            "count": 7
        },
        "PlayerController.Losses.CuriosityInverseLoss.mean": {
            "value": 1.3848952805554424,
            "min": 1.3843070577692103,
            "max": 1.3883091696986445,
            "count": 7
        },
        "PlayerController.Losses.CuriosityInverseLoss.sum": {
            "value": 1.3848952805554424,
            "min": 1.3843070577692103,
            "max": 1.3883091696986445,
            "count": 7
        }
    },
    "metadata": {
        "timer_format_version": "0.1.0",
        "start_time_seconds": "1709887269",
        "python_version": "3.9.13 | packaged by conda-forge | (main, May 27 2022, 16:51:29) [MSC v.1929 64 bit (AMD64)]",
        "command_line_arguments": "C:\\Users\\markvarga21\\.conda\\envs\\arl\\Scripts\\mlagents-learn PlayerController.yaml --run-id=Run1 --force",
        "mlagents_version": "0.30.0",
        "mlagents_envs_version": "0.30.0",
        "communication_protocol_version": "1.5.0",
        "pytorch_version": "2.2.1+cpu",
        "numpy_version": "1.21.2",
        "end_time_seconds": "1709888167"
    },
    "total": 898.0430235,
    "count": 1,
    "self": 0.013314599999944221,
    "children": {
        "run_training.setup": {
            "total": 0.12030799999999964,
            "count": 1,
            "self": 0.12030799999999964
        },
        "TrainerController.start_learning": {
            "total": 897.9094009,
            "count": 1,
            "self": 3.7953885000050605,
            "children": {
                "TrainerController._reset_env": {
                    "total": 10.6100301,
                    "count": 1,
                    "self": 10.6100301
                },
                "TrainerController.advance": {
                    "total": 883.248156399995,
                    "count": 79834,
                    "self": 1.9665292999990243,